{"episode_lengths": [26, 13, 30, 10, 24, 13, 12, 15, 12, 9, 14, 30, 24, 11, 14, 12, 9, 11, 11, 13, 11, 11, 12, 17, 14, 42, 49, 21, 16, 25, 33, 108, 29, 16, 21, 15, 13, 15, 15, 13, 13, 14, 16, 11, 14, 12, 16, 11, 11, 13, 36, 31, 61, 32, 21, 16, 13, 11, 16, 16, 23, 19, 16, 21, 14, 15, 15, 15, 11, 11, 15, 13, 11, 10, 12, 7, 8, 9, 12, 8, 12, 17, 15, 10, 12, 13, 11, 14, 14, 57, 22, 21, 22, 22, 23, 23, 23, 23, 22, 21, 22], "episode_types": ["t", "t", "t", "t", "t", "t", "t", "t", "t", "t", "t", "t", "t", "t", "t", "t", "t", "t", "t", "t", "t", "t", "t", "t", "t", "t", "t", "t", "t", "t", "t", "t", "t", "t", "t", "t", "t", "t", "t", "t", "t", "t", "t", "t", "t", "t", "t", "t", "t", "t", "t", "t", "t", "t", "t", "t", "t", "t", "t", "t", "t", "t", "t", "t", "t", "t", "t", "t", "t", "t", "t", "t", "t", "t", "t", "t", "t", "t", "t", "t", "t", "t", "t", "t", "t", "t", "t", "t", "t", "t", "t", "t", "t", "t", "t", "t", "t", "t", "t", "t", "t", "t"], "initial_reset_timestamp": 1492695943.4010344, "episode_rewards": [8.518061716506828, 7.750999286542408, 14.303416158532027, 2.5539913460217933, 13.854565554486458, 5.3451696901508825, 4.38307877863632, 6.435478597898527, 1.689590976976548, 4.368272924304665, 9.544106172906677, 12.90831928280304, 11.992033443371595, 4.1581889829010406, 7.723569010079503, 4.394526487197354, 2.484863361596362, 4.74801005922451, 6.40693621100253, 9.139530061491747, 8.868003341421854, 8.908736879983143, 10.004048786885509, 14.770652992278745, 9.745022422111342, 59.0349326617216, 33.15785203612066, 6.158906197715028, 2.593564113474058, 10.742799181187454, 21.66644071710625, 198.21288653600521, 17.817383281617715, 7.35219045462842, 10.402023391165264, 7.26040410327076, 5.790148976044004, 7.856234562276625, 7.5837251680237125, 5.222552490235307, 5.134648687053121, 5.6519493423354, 8.072652646836929, 2.74066654755901, 5.415334474937742, 4.80154602447813, 5.773344659892014, 3.7777214364165235, 3.608520684257173, 6.79468265657947, 15.68053795674777, 8.746527661012998, 32.94946267059297, 28.22208079620259, 10.281551365829742, 8.533103899405598, 7.147718449857765, 4.5406673674644145, 9.394777020763113, 8.687518178779758, 12.457223632484908, 11.970048219978993, 8.584348916235017, 9.717229279889226, 8.18894168533233, 8.657859827358969, 6.788623670909697, 5.597322191768671, 5.445463712089657, 5.377607201748499, 6.6063229227678555, 5.7688973211870564, 4.816426297380793, 4.916455957386338, 5.651244321774515, 3.1730145360716278, 5.37587861928801, 6.031782956085092, 9.36804341405784, 5.082392679521488, 11.305279831164256, 23.390847344536763, 17.442035075993786, 7.186099245204228, 9.478337258159897, 10.82831691030901, 9.07696275891279, 14.325761385948878, 16.051979730309593, 99.92088955196554, 38.82120669145321, 36.958826917827324, 38.62564049241782, 38.82215697264837, 40.534301732963115, 39.99553284886124, 40.154176874162886, 40.087828577110976, 38.40343093890578, 36.723901155570864, 38.72252582948402], "timestamps": [1492695944.1171994, 1492695944.6299887, 1492695945.1906796, 1492695945.3574984, 1492695945.7581263, 1492695945.975158, 1492695946.1754766, 1492695946.4258747, 1492695946.7262206, 1492695946.9433846, 1492695947.1770794, 1492695947.6779373, 1492695948.0785878, 1492695948.2621863, 1492695948.4957018, 1492695948.6961446, 1492695948.8465073, 1492695949.0300853, 1492695949.2136905, 1492695949.4307604, 1492695949.6142044, 1492695949.7978063, 1492695949.998195, 1492695950.282237, 1492695950.5162473, 1492695951.2168696, 1492695952.034954, 1492695952.5224774, 1492695952.9032028, 1492695953.3204668, 1492695953.871452, 1492695955.6743865, 1492695956.1584988, 1492695956.42547, 1492695956.7761154, 1492695957.026508, 1492695957.2437134, 1492695957.4938934, 1492695957.7443397, 1492695957.9612541, 1492695958.1784658, 1492695958.4120855, 1492695958.680044, 1492695958.8630145, 1492695959.096522, 1492695959.2967825, 1492695959.5638783, 1492695959.747444, 1492695959.931126, 1492695960.1482513, 1492695960.749267, 1492695961.266805, 1492695962.2850575, 1492695962.8193743, 1492695963.1697786, 1492695963.436761, 1492695963.6537895, 1492695963.837542, 1492695964.104563, 1492695964.3716147, 1492695964.7556143, 1492695965.072785, 1492695965.339938, 1492695965.6904457, 1492695966.0347917, 1492695966.3415012, 1492695966.5918999, 1492695966.8422828, 1492695967.0270472, 1492695967.2095852, 1492695967.4600816, 1492695967.6769736, 1492695967.8605928, 1492695968.0275524, 1492695968.2277615, 1492695968.3447082, 1492695968.478225, 1492695968.6285155, 1492695968.8288498, 1492695968.9623346, 1492695969.1630218, 1492695969.4467752, 1492695969.6968007, 1492695969.8638422, 1492695970.0642197, 1492695970.2811666, 1492695970.464773, 1492695970.6984832, 1492695970.9322295, 1492695971.8838823, 1492695972.2509599, 1492695972.60163, 1492695972.9691248, 1492695973.3360574, 1492695973.720299, 1492695974.1040857, 1492695974.488178, 1492695974.8720076, 1492695975.2391903, 1492695975.5899181, 1492695975.9570208]}